{
    "Avg_mean": 877.822619047619,
    "Min_mean": 876.2142857142857,
    "Max_mean": 879.0714285714286,
    "Std_mean": 1.4077949797398173,
    "accuracy_mean": 0.9222237723214286,
    "Avg_stddev": 0.679346883564362,
    "Min_stddev": 0.7726181304565691,
    "Max_stddev": 0.3711537444790451,
    "Std_stddev": 0.4353640619618694,
    "accuracy_stddev": 0.018411346961704246
}