{
    "Avg_mean": 876.8,
    "Min_mean": 874.0,
    "Max_mean": 878.4,
    "Std_mean": 1.8475665144709148,
    "latency_mean": 0.4442588329315186,
    "accuracy_mean": 0.92265625,
    "Avg_stddev": 1.2585706178041753,
    "Min_stddev": 3.521363372331802,
    "Max_stddev": 3.4985711369071804,
    "Std_stddev": 2.794011090637579,
    "latency_stddev": 0.007719847313129491,
    "accuracy_stddev": 0.006370900949335973
}