{
    "latency_mean": 0.002120889633473059,
    "latency_stddev": 0.0004172441385378039
}