{
    "Avg_mean": 882.405257936508,
    "Min_mean": 877.0357142857143,
    "Max_mean": 884.3928571428571,
    "Std_mean": 3.1331673368561312,
    "accuracy_mean": 0.9546595982142857,
    "Avg_stddev": 0.6178276016604647,
    "Min_stddev": 1.7419640568938852,
    "Max_stddev": 0.48838551182776224,
    "Std_stddev": 0.7882894102801967,
    "accuracy_stddev": 0.013565405175817785
}