{
    "Avg_mean": 880.8444444444443,
    "Min_mean": 876.2,
    "Max_mean": 883.4,
    "Std_mean": 2.937893053591335,
    "latency_mean": 0.7142167091369629,
    "accuracy_mean": 0.953515625,
    "Avg_stddev": 0.909755088464834,
    "Min_stddev": 1.9390719429665317,
    "Max_stddev": 1.2,
    "Std_stddev": 0.8279197257744548,
    "latency_stddev": 0.014423577082816512,
    "accuracy_stddev": 0.002870495792324037
}