{
    "latency_mean": 0.003094067131696879,
    "latency_stddev": 0.000571942943289749
}