{
    "Avg_mean": 885.8414502164503,
    "Min_mean": 869.5714285714286,
    "Max_mean": 889.8571428571429,
    "Std_mean": 5.87954858201951,
    "accuracy_mean": 0.9616350446428571,
    "Avg_stddev": 0.8103044531795559,
    "Min_stddev": 1.3209458577790665,
    "Max_stddev": 1.1561724325884746,
    "Std_stddev": 0.4292952031957094,
    "accuracy_stddev": 0.01966482148233639
}