{
    "latency_mean": 0.006431137492974545,
    "latency_stddev": 0.0010526257580082924
}