{
    "latency_mean": 0.006332527387975784,
    "latency_stddev": 0.0009495338122197971
}