{
    "Avg_mean": 872.3589285714286,
    "Min_mean": 871.5357142857143,
    "Max_mean": 873.4642857142857,
    "Std_mean": 0.9682024189363777,
    "accuracy_mean": 0.41720145089285715,
    "Avg_stddev": 0.8049016767181432,
    "Min_stddev": 0.9056230237932832,
    "Max_stddev": 1.9176276798083998,
    "Std_stddev": 1.1542213536010344,
    "accuracy_stddev": 0.04435522881891721
}