{
    "latency_mean": 0.001744271145990459,
    "latency_stddev": 0.00031279187746652943
}