{
   "loss": [
      1.6899569034576416,
      1.3940200805664062,
      1.2509651184082031,
      1.139007568359375,
      1.048606514930725,
      0.9634408950805664,
      0.8848743438720703,
      0.8208152055740356,
      0.7561848759651184,
      0.7080268263816833,
      0.6602748036384583,
      0.6236115097999573,
      0.5896435379981995,
      0.5554964542388916,
      0.5317827463150024,
      0.5037989020347595,
      0.4864400327205658,
      0.46757954359054565,
      0.4474741220474243,
      0.42954862117767334,
      0.41722115874290466,
      0.4033859372138977,
      0.39173421263694763,
      0.3769131600856781,
      0.3692694306373596,
      0.3607204556465149,
      0.34688305854797363,
      0.3384353816509247,
      0.3314168453216553,
      0.32168251276016235,
      0.3120490312576294,
      0.30760642886161804,
      0.3007495403289795,
      0.29728570580482483,
      0.29073864221572876,
      0.28346797823905945,
      0.2779787480831146,
      0.27270469069480896,
      0.2707301080226898,
      0.26561158895492554,
      0.2608005702495575,
      0.2555939257144928,
      0.2521219253540039,
      0.25245723128318787,
      0.24584755301475525,
      0.23855654895305634,
      0.23949773609638214,
      0.23551391065120697,
      0.22837916016578674,
      0.22775068879127502
   ],
   "sparse_categorical_accuracy": [
      0.30903854966163635,
      0.45395806431770325,
      0.5223748087882996,
      0.5697705745697021,
      0.6065943241119385,
      0.6431472301483154,
      0.6746049523353577,
      0.6992812752723694,
      0.7267636656761169,
      0.7432555556297302,
      0.7623074054718018,
      0.7772116661071777,
      0.7896174788475037,
      0.8043248057365417,
      0.8113276958465576,
      0.8244351148605347,
      0.829308807849884,
      0.8368901610374451,
      0.8448161482810974,
      0.8513390421867371,
      0.8555358648300171,
      0.8611111044883728,
      0.8645448684692383,
      0.8707108497619629,
      0.8737630844116211,
      0.876987636089325,
      0.8818244338035583,
      0.8844212889671326,
      0.8873504400253296,
      0.8918549418449402,
      0.893873393535614,
      0.8959656357765198,
      0.8967040777206421,
      0.8986117243766785,
      0.9015285968780518,
      0.9041500687599182,
      0.9061807990074158,
      0.908260703086853,
      0.9086422324180603,
      0.9110422134399414,
      0.9125806093215942,
      0.915189802646637,
      0.915029764175415,
      0.9153374433517456,
      0.9179958701133728,
      0.9200758337974548,
      0.9201743006706238,
      0.9215157628059387,
      0.9241249561309814,
      0.9241495728492737
   ],
   "val_loss": [
      1.8698784112930298,
      1.5566422939300537,
      1.2391947507858276,
      1.036364197731018,
      0.9315800666809082,
      0.8783124685287476,
      0.8154004216194153,
      0.7786210179328918,
      0.6873082518577576,
      0.6357857584953308,
      0.6247565746307373,
      0.5948886871337891,
      0.568301260471344,
      0.5510367155075073,
      0.5235053896903992,
      0.5198562145233154,
      0.4902137517929077,
      0.487691730260849,
      0.4905700087547302,
      0.46894413232803345,
      0.46878787875175476,
      0.4607654809951782,
      0.43816903233528137,
      0.4400058090686798,
      0.42636242508888245,
      0.4081271290779114,
      0.39036378264427185,
      0.40555906295776367,
      0.4123438894748688,
      0.38829365372657776,
      0.40397903323173523,
      0.4004080891609192,
      0.3783784508705139,
      0.3775559961795807,
      0.4137294292449951,
      0.38853853940963745,
      0.35926327109336853,
      0.35479333996772766,
      0.3928629159927368,
      0.382271409034729,
      0.3629755675792694,
      0.3612627387046814,
      0.3576732873916626,
      0.36270031332969666,
      0.3624093234539032,
      0.3614138960838318,
      0.37909746170043945,
      0.350884348154068,
      0.3425537645816803,
      0.359159916639328
   ],
   "val_sparse_categorical_accuracy": [
      0.31018438935279846,
      0.4184042811393738,
      0.5352404117584229,
      0.6162329912185669,
      0.673272430896759,
      0.6996381282806396,
      0.7320351600646973,
      0.7332414388656616,
      0.7863174080848694,
      0.8102705478668213,
      0.8095812797546387,
      0.8216439485549927,
      0.8299155831336975,
      0.8281922936439514,
      0.8483542799949646,
      0.8440461754798889,
      0.8590384125709534,
      0.8602446913719177,
      0.852317750453949,
      0.8585214614868164,
      0.8590384125709534,
      0.863346517086029,
      0.8721351027488708,
      0.8669653534889221,
      0.8731690645217896,
      0.8864380717277527,
      0.891435444355011,
      0.8802343606948853,
      0.8807513117790222,
      0.8897122144699097,
      0.8769602179527283,
      0.8804066777229309,
      0.8824746012687683,
      0.8885059356689453,
      0.8716181516647339,
      0.8783388137817383,
      0.8933310508728027,
      0.8966051936149597,
      0.8807513117790222,
      0.8845424652099609,
      0.8948819637298584,
      0.890056848526001,
      0.8916077613830566,
      0.8919524550437927,
      0.888678252696991,
      0.8841978311538696,
      0.8879889845848083,
      0.898328423500061,
      0.899707019329071,
      0.8902291655540466
   ]
}