{
   "loss": [
      1.3161280155181885,
      0.7040663957595825,
      0.45002228021621704,
      0.31628021597862244,
      0.2431400716304779,
      0.19056865572929382,
      0.15777286887168884,
      0.13181093335151672,
      0.11401241272687912,
      0.101547971367836,
      0.0894203931093216,
      0.08286106586456299,
      0.0732313022017479,
      0.06707804650068283,
      0.06291528791189194,
      0.05827232822775841,
      0.05715186148881912,
      0.05338292941451073,
      0.04985696077346802,
      0.046138696372509,
      0.045137133449316025,
      0.042048439383506775,
      0.04055546596646309,
      0.039246004074811935,
      0.0389895886182785,
      0.03670797124505043,
      0.035480353981256485,
      0.03260527551174164,
      0.0324392095208168,
      0.03194599971175194,
      0.029703106731176376,
      0.030655059963464737,
      0.02833847887814045,
      0.02850736305117607,
      0.025739159435033798,
      0.025105590000748634,
      0.02615811862051487,
      0.024050110951066017,
      0.024030324071645737,
      0.024144845083355904,
      0.02277858555316925,
      0.022465046495199203,
      0.022278882563114166,
      0.02082904241979122,
      0.019925225526094437,
      0.01888955384492874,
      0.020051587373018265,
      0.020784778520464897,
      0.017939157783985138,
      0.01724386215209961
   ],
   "sparse_categorical_accuracy": [
      0.49286171793937683,
      0.7467754483222961,
      0.844668447971344,
      0.8944518566131592,
      0.9213680624961853,
      0.9406906962394714,
      0.951644241809845,
      0.9603947997093201,
      0.9661793112754822,
      0.9695146083831787,
      0.973674476146698,
      0.9762959480285645,
      0.9789297580718994,
      0.9804804921150208,
      0.9810466170310974,
      0.9831019639968872,
      0.9833481311798096,
      0.9843204021453857,
      0.9854280352592468,
      0.9863880276679993,
      0.9869911074638367,
      0.9878895282745361,
      0.988184928894043,
      0.9881972074508667,
      0.988640308380127,
      0.9893049001693726,
      0.9891079664230347,
      0.9904248714447021,
      0.9900063872337341,
      0.9904741048812866,
      0.9908310174942017,
      0.9905848503112793,
      0.9912125468254089,
      0.9916309714317322,
      0.9923079013824463,
      0.9922463297843933,
      0.9922094345092773,
      0.9924678802490234,
      0.9925047755241394,
      0.9926524758338928,
      0.9928616881370544,
      0.9927632808685303,
      0.9930463433265686,
      0.9935632348060608,
      0.9936985969543457,
      0.9941909313201904,
      0.9933909177780151,
      0.9931448101997375,
      0.9939201474189758,
      0.9946093559265137
   ],
   "val_loss": [
      2.3403103351593018,
      2.2865467071533203,
      1.5447653532028198,
      1.2797889709472656,
      0.875187873840332,
      0.9126571416854858,
      0.8635996580123901,
      0.7210602164268494,
      0.7851681709289551,
      0.638736367225647,
      0.5708472728729248,
      0.5438855290412903,
      0.5037295818328857,
      0.5535882115364075,
      0.49021443724632263,
      0.44482460618019104,
      0.4162721633911133,
      0.4300553798675537,
      0.3761453628540039,
      0.45217418670654297,
      0.41366496682167053,
      0.38884294033050537,
      0.3496423661708832,
      0.4459630846977234,
      0.36294716596603394,
      0.36938929557800293,
      0.4210992455482483,
      0.3530282974243164,
      0.315761536359787,
      0.35048404335975647,
      0.27335113286972046,
      0.32320573925971985,
      0.3516424298286438,
      0.2341271936893463,
      0.27523714303970337,
      0.2981207072734833,
      0.38660553097724915,
      0.2822246551513672,
      0.2382795512676239,
      0.2723996937274933,
      0.30136600136756897,
      0.3360704481601715,
      0.2323656529188156,
      0.31543293595314026,
      0.19281809031963348,
      0.3575499355792999,
      0.28598836064338684,
      0.30399951338768005,
      0.2600865364074707,
      0.20251059532165527
   ],
   "val_sparse_categorical_accuracy": [
      0.15319661796092987,
      0.16698259115219116,
      0.34275373816490173,
      0.4800964891910553,
      0.6450111865997314,
      0.6220920085906982,
      0.6413924098014832,
      0.7154920101165771,
      0.6830949783325195,
      0.7509908676147461,
      0.7926934361457825,
      0.8016543388366699,
      0.8238841891288757,
      0.7916594743728638,
      0.8306048512458801,
      0.8533517122268677,
      0.8661037683486938,
      0.8583491444587708,
      0.8835085034370422,
      0.8433569073677063,
      0.8607617020606995,
      0.8707565069198608,
      0.879889726638794,
      0.8316388130187988,
      0.8835085034370422,
      0.8681716322898865,
      0.8402550220489502,
      0.8828192353248596,
      0.8995347023010254,
      0.8750646114349365,
      0.9200413823127747,
      0.8974668383598328,
      0.8747199773788452,
      0.9345166087150574,
      0.9136653542518616,
      0.8974668383598328,
      0.855936586856842,
      0.9028089046478271,
      0.929174542427063,
      0.9136653542518616,
      0.9019472599029541,
      0.8695502281188965,
      0.924004852771759,
      0.8888505697250366,
      0.9443391561508179,
      0.8635188937187195,
      0.8972945213317871,
      0.8974668383598328,
      0.9109081625938416,
      0.9388247728347778
   ]
}