{
   "loss": [
      1.760473608970642,
      1.590225100517273,
      1.5315369367599487,
      1.4880589246749878,
      1.450310468673706,
      1.4189835786819458,
      1.3981739282608032,
      1.3752497434616089,
      1.3583496809005737,
      1.337281346321106,
      1.3226596117019653,
      1.3046303987503052,
      1.290015459060669,
      1.2767795324325562,
      1.2613695859909058,
      1.2447494268417358,
      1.2312431335449219,
      1.219878911972046,
      1.2069846391677856,
      1.1957131624221802,
      1.1814920902252197,
      1.174731969833374,
      1.1615965366363525,
      1.1554052829742432,
      1.149278163909912,
      1.139487385749817,
      1.1327532529830933,
      1.1274518966674805,
      1.1177858114242554,
      1.1108895540237427,
      1.1089988946914673,
      1.1017135381698608,
      1.0961658954620361,
      1.0886132717132568,
      1.0828462839126587,
      1.0818248987197876,
      1.0763487815856934,
      1.0702728033065796,
      1.0636175870895386,
      1.0590592622756958,
      1.0587334632873535,
      1.0518603324890137,
      1.050591230392456,
      1.044743299484253
   ],
   "sparse_categorical_accuracy": [
      0.26124894618988037,
      0.3440161347389221,
      0.3768891990184784,
      0.3962979316711426,
      0.4158543646335602,
      0.4295155704021454,
      0.43864765763282776,
      0.4514719545841217,
      0.45833948254585266,
      0.4688869118690491,
      0.47696056962013245,
      0.48564958572387695,
      0.48961254954338074,
      0.4985969662666321,
      0.5025599598884583,
      0.5108920335769653,
      0.5186333656311035,
      0.522128701210022,
      0.5287623405456543,
      0.532577633857727,
      0.5396420955657959,
      0.5438635349273682,
      0.5491557121276855,
      0.552232563495636,
      0.5559371113777161,
      0.5598385334014893,
      0.5605769753456116,
      0.5626692175865173,
      0.5684413909912109,
      0.5722813010215759,
      0.5707920789718628,
      0.5748412609100342,
      0.5773519277572632,
      0.5803672671318054,
      0.5837517976760864,
      0.5845271348953247,
      0.587345540523529,
      0.5864225029945374,
      0.590828537940979,
      0.5921084880828857,
      0.5950007438659668,
      0.5967730283737183,
      0.595874547958374,
      0.5983975529670715
   ],
   "val_loss": [
      1.9306516647338867,
      1.7622922658920288,
      1.5489996671676636,
      1.4771099090576172,
      1.4490638971328735,
      1.435787558555603,
      1.4524942636489868,
      1.4375133514404297,
      1.4230506420135498,
      1.4432967901229858,
      1.428313136100769,
      1.427018165588379,
      1.4184834957122803,
      1.4232021570205688,
      1.406474232673645,
      1.4012188911437988,
      1.3837281465530396,
      1.3838574886322021,
      1.3592324256896973,
      1.3613008260726929,
      1.3394514322280884,
      1.3755937814712524,
      1.3627026081085205,
      1.3296418190002441,
      1.343981385231018,
      1.3434394598007202,
      1.3608145713806152,
      1.3587895631790161,
      1.3590075969696045,
      1.3630585670471191,
      1.3678807020187378,
      1.36106538772583,
      1.4102023839950562,
      1.3886499404907227,
      1.407431721687317,
      1.409934639930725,
      1.3995156288146973,
      1.4491088390350342,
      1.49686598777771,
      1.4606934785842896,
      1.4774372577667236,
      1.4600023031234741,
      1.4598263502120972,
      1.4461864233016968
   ],
   "val_sparse_categorical_accuracy": [
      0.15319661796092987,
      0.239875927567482,
      0.3749784529209137,
      0.41599172353744507,
      0.4359813928604126,
      0.4394278824329376,
      0.4306393265724182,
      0.43511977791786194,
      0.44321903586387634,
      0.43184560537338257,
      0.43615370988845825,
      0.43856626749038696,
      0.43856626749038696,
      0.44821643829345703,
      0.4401171803474426,
      0.4485611021518707,
      0.4542478024959564,
      0.4595898687839508,
      0.4592452049255371,
      0.46148544549942017,
      0.47923487424850464,
      0.44459763169288635,
      0.4602791666984558,
      0.4771669805049896,
      0.4794071912765503,
      0.4706186354160309,
      0.4663105309009552,
      0.4723418951034546,
      0.4663105309009552,
      0.46475961804389954,
      0.4659658670425415,
      0.4628640413284302,
      0.4402894973754883,
      0.4545924663543701,
      0.4387385845184326,
      0.446148544549942,
      0.4559710621833801,
      0.42770981788635254,
      0.4087540805339813,
      0.42529726028442383,
      0.42443564534187317,
      0.4261588752269745,
      0.41288989782333374,
      0.4265035390853882
   ]
}