{
   "loss": [
      1.5196925401687622,
      1.1149942874908447,
      0.9001041650772095,
      0.745195209980011,
      0.616869330406189,
      0.5166608691215515,
      0.4403345584869385,
      0.3834927976131439,
      0.3351656496524811,
      0.29948821663856506,
      0.2669544816017151,
      0.2446647733449936,
      0.22190895676612854,
      0.20361551642417908,
      0.188268780708313,
      0.17465083301067352,
      0.1671111136674881,
      0.15837189555168152,
      0.1473236382007599,
      0.13684765994548798,
      0.13129575550556183,
      0.12535537779331207,
      0.12405706942081451,
      0.11692293733358383,
      0.1093997210264206,
      0.10842237621545792,
      0.10289151966571808,
      0.10055530071258545,
      0.09831228852272034,
      0.09378012269735336,
      0.0921379029750824,
      0.08746518194675446,
      0.08707743138074875,
      0.08462640643119812,
      0.08127458393573761,
      0.07879555225372314,
      0.07817582786083221,
      0.07488761097192764,
      0.07405375689268112,
      0.07034137845039368,
      0.07078056782484055,
      0.06905106455087662,
      0.06829927116632462,
      0.06701014190912247,
      0.06403602659702301,
      0.06309236586093903,
      0.06173211708664894,
      0.06299371272325516,
      0.05919009447097778,
      0.059658657759428024
   ],
   "sparse_categorical_accuracy": [
      0.39363953471183777,
      0.5848594307899475,
      0.6735588312149048,
      0.734246551990509,
      0.7851744890213013,
      0.8218874335289001,
      0.8494806289672852,
      0.8719416260719299,
      0.8886550664901733,
      0.9025254845619202,
      0.9134297966957092,
      0.9219711422920227,
      0.9298725128173828,
      0.9362230896949768,
      0.9404568672180176,
      0.9453921318054199,
      0.9494412541389465,
      0.9513981342315674,
      0.9548195600509644,
      0.9584871530532837,
      0.9602594375610352,
      0.9614901542663574,
      0.9615517258644104,
      0.9644931554794312,
      0.9665238857269287,
      0.9668192863464355,
      0.9686530828475952,
      0.9690346121788025,
      0.9700068831443787,
      0.9713114500045776,
      0.9714837670326233,
      0.9737975597381592,
      0.9732929468154907,
      0.974191427230835,
      0.9754098653793335,
      0.9759021401405334,
      0.9763697981834412,
      0.9772436618804932,
      0.9782035946846008,
      0.9784989953041077,
      0.9783143997192383,
      0.9790282249450684,
      0.9786466956138611,
      0.9794466495513916,
      0.9808496832847595,
      0.9806774258613586,
      0.9809358716011047,
      0.9808127880096436,
      0.9820681214332581,
      0.9811081290245056
   ],
   "val_loss": [
      2.0081565380096436,
      2.1734378337860107,
      1.3484574556350708,
      0.9523699283599854,
      0.7845461368560791,
      0.6627476215362549,
      0.6260915994644165,
      0.5726909041404724,
      0.503299355506897,
      0.4801024794578552,
      0.4562009274959564,
      0.4246395230293274,
      0.4290821850299835,
      0.407669335603714,
      0.3592553436756134,
      0.39307594299316406,
      0.3121187686920166,
      0.3354526460170746,
      0.3454461693763733,
      0.29030606150627136,
      0.2749718129634857,
      0.27230533957481384,
      0.2775944471359253,
      0.2925349473953247,
      0.2701858878135681,
      0.2645292282104492,
      0.22280894219875336,
      0.24703547358512878,
      0.22037559747695923,
      0.2330501675605774,
      0.20294508337974548,
      0.23256994783878326,
      0.19047367572784424,
      0.2203989028930664,
      0.20599105954170227,
      0.1705494374036789,
      0.20647163689136505,
      0.21071729063987732,
      0.20070496201515198,
      0.17791536450386047,
      0.20182637870311737,
      0.1958536058664322,
      0.18994814157485962,
      0.17507430911064148,
      0.18647342920303345,
      0.15973752737045288,
      0.18447190523147583,
      0.1664847880601883,
      0.1808072179555893,
      0.19140447676181793
   ],
   "val_sparse_categorical_accuracy": [
      0.15319661796092987,
      0.16043426096439362,
      0.44149577617645264,
      0.6370842456817627,
      0.7282440066337585,
      0.7999310493469238,
      0.7987247705459595,
      0.8218163251876831,
      0.851283848285675,
      0.8590384125709534,
      0.8738583326339722,
      0.881268322467804,
      0.8788557648658752,
      0.8809236884117126,
      0.8990177512168884,
      0.8857487440109253,
      0.9117697477340698,
      0.9100465178489685,
      0.9000517129898071,
      0.9191797375679016,
      0.926762044429779,
      0.925038754940033,
      0.9255557656288147,
      0.9171118140220642,
      0.9271066784858704,
      0.925038754940033,
      0.9424435496330261,
      0.9302085041999817,
      0.9415819644927979,
      0.9374461770057678,
      0.9474409818649292,
      0.9355505704879761,
      0.9517490863800049,
      0.9434775114059448,
      0.9462347030639648,
      0.9593313932418823,
      0.9472686648368835,
      0.9436498284339905,
      0.9465793371200562,
      0.958986759185791,
      0.9467516541481018,
      0.9472686648368835,
      0.9500258564949036,
      0.9591590762138367,
      0.9520937204360962,
      0.962260901927948,
      0.9477856159210205,
      0.9586420655250549,
      0.9532999992370605,
      0.9496812224388123
   ]
}